,x,accuracy_score,f1_score,roc_auc_score
0,0.0,0.0,0.0,0.0
1,0.0,0.00020000000000000727,0.00015464863306335474,0.0002458592132505253
2,0.0,0.0005537749241945519,0.0005465278801959105,0.00028974986806823714
3,0.0,0.00042687494916219344,0.0005455684040392671,0.00011684339963610082
4,0.0,0.0005163977794943317,0.0006724678558198216,9.100395090841322e-05
5,0.0,0.000498887651569858,0.0004654292287788194,0.000305114007193296
6,0.0,0.0007333333333333356,0.0009518486962017861,0.0001848643979251544
7,0.0,0.0012382783747337924,0.001456165769897446,5.603166432354254e-05
8,0.0,0.0006110100926607837,0.0007029103967779313,8.322024405440056e-05
9,0.0,0.0010770329614269048,0.0012990753462027338,6.849941517336435e-05
10,0.0,0.00026666666666666706,0.00024269401862760063,4.3133195307066705e-06
11,0.0,0.0001999999999999994,0.00018277893277894748,4.313319530701977e-06
12,0.0,0.0,0.0,3.2349896480253645e-06
13,0.0,0.00020000000000000112,0.0001834365527904289,3.2349896480251125e-06
14,0.0,0.0,0.0,2.470764155749303e-06
15,0.0,0.0,0.0,2.470764155748369e-06
16,0.0,0.0,0.0,1.617494824017957e-06
17,0.0,0.0,0.0,2.1566597653481743e-06
18,0.0,0.0,0.0,2.156659765354766e-05
19,0.0,0.0,0.0,0.0
20,0.0,0.0,0.0,3.234989648034951e-05
21,0.0,0.0,0.0,0.0
22,0.0,0.0,0.0,1.887077294690121e-05
23,0.0,0.0,0.0,2.6958247066927825e-06
24,0.0,0.0,0.0,4.8524844720508526e-05
25,0.0,0.0,0.0,0.0
26,0.0,0.0,0.0,0.0
27,0.0,0.0,0.0,0.0
28,0.0,0.0,0.0,0.0
29,0.0,0.00033333333333334286,0.0003060753060753176,3.2349896480325045e-05
30,0.0,0.0,0.0,0.0
31,0.0,0.0,0.0,2.156659765349685e-06
32,0.0,0.0,0.0,0.0
33,0.0,0.0,0.0,0.0
34,0.0,0.0,0.0,0.0
35,0.0,0.0,0.0,3.4523401038688346e-06
36,0.0,0.0,0.0,0.0
37,0.0,0.0,0.0,0.0
38,0.0,0.0,0.0,0.0
39,0.0,0.0,0.0,0.0
40,0.0,0.0,0.0,0.0
