,x,accuracy_score,f1_score,roc_auc_score
0,0.0,0.0,0.0,0.0
1,0.0,0.0,0.0,0.0
2,0.0,0.0,0.0,0.0
3,0.0,0.0,0.0,0.0
4,0.0,0.0,0.0,1.2353820778751156e-05
5,0.0,0.0,0.0,0.00014714758560486544
6,0.0,0.0014621141466307603,0.0011054121231496676,0.0002144636570829554
7,0.0,0.0004666666666666616,0.0003628201573231798,1.6174948240356235e-06
8,0.0,0.000611010092660773,0.0004933233280071702,0.00017048272674688735
9,0.0,0.0,7.969444862533613e-05,4.941528311490897e-06
10,0.0,0.0,0.0,0.0
