,x,accuracy_score,f1_score,roc_auc_score
0,0.0,0.0,0.0,0.0
1,0.0,0.0,0.0,0.0
2,0.0,0.0,0.0,0.0
3,0.0,0.0,0.0,0.0
4,0.0,0.0009165151389911643,0.0007191738378775692,0.00042497143478928217
5,0.0,0.0,0.0,3.584940090125055e-05
6,0.0,0.0,0.0,0.0
7,0.0,0.0,0.0,0.0
8,0.0,0.0,0.0,0.0
9,0.0,0.0006,0.0004761904761904738,7.678322116012213e-05
10,0.0,0.0,0.0,0.0
