,x,accuracy_score,f1_score,roc_auc_score
0,0.0,0.0,0.0,0.0
1,0.0,0.00026666666666666673,0.00016875583140644638,7.643982314712256e-06
2,0.0,0.0,0.0,2.47076415574671e-06
3,0.0,0.0,0.0,4.941528311496686e-06
4,0.0,0.0006110100926607807,0.0007039406485352992,0.00017727379232761049
5,0.0,0.0,0.0,0.0
6,0.0,0.0,0.0,0.0
7,0.0,0.0,0.0,1.6174948240147702e-06
8,0.0,0.0,0.0,2.4707641557424513e-06
9,0.0,0.0,0.0,0.0
10,0.0,0.0,0.0,0.0
