,x,accuracy_score,f1_score,roc_auc_score
0,0.0,0.0,0.0,0.0
1,0.0,0.0,0.0,0.0
2,0.0,0.0002666666666666601,0.0003069794879284181,7.116977225673634e-05
3,0.0,0.0002666666666666603,0.0003053323305814022,0.000124143825386898
4,0.0,0.0,0.0,0.0
5,0.0,0.0,0.0,9.400661972786116e-06
6,0.0,0.0,0.0,0.0
7,0.0,0.0,0.0,0.0
8,0.0,0.0,0.0,0.0
9,0.0,0.0,0.0,1.6174948240132648e-06
10,0.0,0.0,0.0,0.0
11,0.0,0.0,0.0,0.0
12,0.0,0.0,0.0,0.0
13,0.0,0.0,0.0,0.0
14,0.0,0.0,0.0,0.0
