,x,accuracy_score,f1_score,roc_auc_score
0,0.0,0.0,0.0,0.0
1,0.0,0.0007302967433402126,0.0009100748436246003,0.00015434061439153517
2,0.0,0.0,0.0,0.0
3,0.0,0.0,0.0,0.0
4,0.0,0.0,0.0,2.64135798696696e-06
5,0.0,0.0,0.0,0.0
6,0.0,0.0,0.0,0.0
7,0.0,0.0,0.0,0.0
8,0.0,0.00020000000000001034,0.00022994357473166206,1.617494824017957e-06
9,0.0,0.0,0.0,0.0
10,0.0,0.0,0.0,0.0
